{
  "train_accuracy": 0.7711442786069652,
  "train_macro_f1": 0.7717827063951688,
  "train_roc_auc": 0.9289322783729881,
  "val_accuracy": 0.7512437810945274,
  "val_macro_f1": 0.7507964238918254,
  "val_roc_auc": 0.9175247803315586,
  "test_accuracy": 0.7821782178217822,
  "test_macro_f1": 0.7817696055319818,
  "test_roc_auc": 0.920041424900389
}