{
  "train_accuracy": 0.9950248756218906,
  "train_macro_f1": 0.9950274669231217,
  "train_roc_auc": 0.9999121844180354,
  "val_accuracy": 0.9203980099502488,
  "val_macro_f1": 0.9203951900406215,
  "val_roc_auc": 0.9893630697312037,
  "test_accuracy": 0.9356435643564357,
  "test_macro_f1": 0.9355745199817365,
  "test_roc_auc": 0.994434536013778
}